[{"model": "auth.permission", "pk": 1, "fields": {"name": "Can add log entry", "content_type": 1, "codename": "add_logentry"}}, {"model": "auth.permission", "pk": 2, "fields": {"name": "Can change log entry", "content_type": 1, "codename": "change_logentry"}}, {"model": "auth.permission", "pk": 3, "fields": {"name": "Can delete log entry", "content_type": 1, "codename": "delete_logentry"}}, {"model": "auth.permission", "pk": 4, "fields": {"name": "Can view log entry", "content_type": 1, "codename": "view_logentry"}}, {"model": "auth.permission", "pk": 5, "fields": {"name": "Can add permission", "content_type": 2, "codename": "add_permission"}}, {"model": "auth.permission", "pk": 6, "fields": {"name": "Can change permission", "content_type": 2, "codename": "change_permission"}}, {"model": "auth.permission", "pk": 7, "fields": {"name": "Can delete permission", "content_type": 2, "codename": "delete_permission"}}, {"model": "auth.permission", "pk": 8, "fields": {"name": "Can view permission", "content_type": 2, "codename": "view_permission"}}, {"model": "auth.permission", "pk": 9, "fields": {"name": "Can add group", "content_type": 3, "codename": "add_group"}}, {"model": "auth.permission", "pk": 10, "fields": {"name": "Can change group", "content_type": 3, "codename": "change_group"}}, {"model": "auth.permission", "pk": 11, "fields": {"name": "Can delete group", "content_type": 3, "codename": "delete_group"}}, {"model": "auth.permission", "pk": 12, "fields": {"name": "Can view group", "content_type": 3, "codename": "view_group"}}, {"model": "auth.permission", "pk": 13, "fields": {"name": "Can add user", "content_type": 4, "codename": "add_user"}}, {"model": "auth.permission", "pk": 14, "fields": {"name": "Can change user", "content_type": 4, "codename": "change_user"}}, {"model": "auth.permission", "pk": 15, "fields": {"name": "Can delete user", "content_type": 4, "codename": "delete_user"}}, {"model": "auth.permission", "pk": 16, "fields": {"name": "Can view user", "content_type": 4, "codename": "view_user"}}, {"model": "auth.permission", "pk": 17, "fields": {"name": "Can add content type", "content_type": 5, "codename": "add_contenttype"}}, {"model": "auth.permission", "pk": 18, "fields": {"name": "Can change content type", "content_type": 5, "codename": "change_contenttype"}}, {"model": "auth.permission", "pk": 19, "fields": {"name": "Can delete content type", "content_type": 5, "codename": "delete_contenttype"}}, {"model": "auth.permission", "pk": 20, "fields": {"name": "Can view content type", "content_type": 5, "codename": "view_contenttype"}}, {"model": "auth.permission", "pk": 21, "fields": {"name": "Can add session", "content_type": 6, "codename": "add_session"}}, {"model": "auth.permission", "pk": 22, "fields": {"name": "Can change session", "content_type": 6, "codename": "change_session"}}, {"model": "auth.permission", "pk": 23, "fields": {"name": "Can delete session", "content_type": 6, "codename": "delete_session"}}, {"model": "auth.permission", "pk": 24, "fields": {"name": "Can view session", "content_type": 6, "codename": "view_session"}}, {"model": "auth.permission", "pk": 25, "fields": {"name": "Can add author", "content_type": 7, "codename": "add_author"}}, {"model": "auth.permission", "pk": 26, "fields": {"name": "Can change author", "content_type": 7, "codename": "change_author"}}, {"model": "auth.permission", "pk": 27, "fields": {"name": "Can delete author", "content_type": 7, "codename": "delete_author"}}, {"model": "auth.permission", "pk": 28, "fields": {"name": "Can view author", "content_type": 7, "codename": "view_author"}}, {"model": "auth.permission", "pk": 29, "fields": {"name": "Can add post", "content_type": 8, "codename": "add_post"}}, {"model": "auth.permission", "pk": 30, "fields": {"name": "Can change post", "content_type": 8, "codename": "change_post"}}, {"model": "auth.permission", "pk": 31, "fields": {"name": "Can delete post", "content_type": 8, "codename": "delete_post"}}, {"model": "auth.permission", "pk": 32, "fields": {"name": "Can view post", "content_type": 8, "codename": "view_post"}}, {"model": "auth.permission", "pk": 33, "fields": {"name": "Can add comment", "content_type": 9, "codename": "add_comment"}}, {"model": "auth.permission", "pk": 34, "fields": {"name": "Can change comment", "content_type": 9, "codename": "change_comment"}}, {"model": "auth.permission", "pk": 35, "fields": {"name": "Can delete comment", "content_type": 9, "codename": "delete_comment"}}, {"model": "auth.permission", "pk": 36, "fields": {"name": "Can view comment", "content_type": 9, "codename": "view_comment"}}, {"model": "auth.permission", "pk": 37, "fields": {"name": "Can add Token", "content_type": 10, "codename": "add_token"}}, {"model": "auth.permission", "pk": 38, "fields": {"name": "Can change Token", "content_type": 10, "codename": "change_token"}}, {"model": "auth.permission", "pk": 39, "fields": {"name": "Can delete Token", "content_type": 10, "codename": "delete_token"}}, {"model": "auth.permission", "pk": 40, "fields": {"name": "Can view Token", "content_type": 10, "codename": "view_token"}}, {"model": "auth.permission", "pk": 41, "fields": {"name": "Can add token", "content_type": 11, "codename": "add_tokenproxy"}}, {"model": "auth.permission", "pk": 42, "fields": {"name": "Can change token", "content_type": 11, "codename": "change_tokenproxy"}}, {"model": "auth.permission", "pk": 43, "fields": {"name": "Can delete token", "content_type": 11, "codename": "delete_tokenproxy"}}, {"model": "auth.permission", "pk": 44, "fields": {"name": "Can view token", "content_type": 11, "codename": "view_tokenproxy"}}, {"model": "auth.user", "pk": 30, "fields": {"password": "pbkdf2_sha256$390000$R6hGKDf3atdwf3blOcWPmx$vW9onfxlatNB9kzyryDcbCumFBDH4PakGinhshi+MYM=", "last_login": null, "is_superuser": false, "username": "duartedarrell", "first_name": "", "last_name": "", "email": "ykelly@example.net", "is_staff": false, "is_active": true, "date_joined": "2023-03-19T19:52:36.663Z", "groups": [], "user_permissions": []}}, {"model": "auth.user", "pk": 31, "fields": {"password": "pbkdf2_sha256$390000$p8cIRFbURBR4FPWLUhkXYV$540uWcntVZOYpP5tkMlcKYiZzfYJB3rF1MSOURk0cA0=", "last_login": null, "is_superuser": false, "username": "nicole92", "first_name": "", "last_name": "", "email": "ucooper@example.com", "is_staff": false, "is_active": true, "date_joined": "2023-03-19T19:52:37.099Z", "groups": [], "user_permissions": []}}, {"model": "auth.user", "pk": 32, "fields": {"password": "pbkdf2_sha256$390000$HVcd3D3QqxAwgfcxTec7Ou$S10yHEHumX8GVj0jo1vKKpqVwSNysCYNifB3cGRSQ9Q=", "last_login": null, "is_superuser": false, "username": "richardsonjodi", "first_name": "", "last_name": "", "email": "lmendoza@example.com", "is_staff": false, "is_active": true, "date_joined": "2023-03-19T19:52:37.515Z", "groups": [], "user_permissions": []}}, {"model": "auth.user", "pk": 33, "fields": {"password": "pbkdf2_sha256$390000$PsBxF1kcpWlCnyUStRUqqo$z6Q9fzqB/fdDrvLlsW9GACOr1LBZLbXmfAcEeS5T3J8=", "last_login": "2023-03-22T16:00:14.735Z", "is_superuser": true, "username": "admin", "first_name": "", "last_name": "", "email": "admin@noreply.com", "is_staff": true, "is_active": true, "date_joined": "2023-03-19T19:55:59.498Z", "groups": [], "user_permissions": []}}, {"model": "auth.user", "pk": 34, "fields": {"password": "pbkdf2_sha256$390000$L7QWEZyiEJuLap1oOFOGjX$toqjSa8BQSvYadfJxxpMLJexO25RwnxgFoB+j7AMmeQ=", "last_login": "2023-03-21T13:53:35.161Z", "is_superuser": false, "username": "test", "first_name": "", "last_name": "", "email": "", "is_staff": false, "is_active": true, "date_joined": "2023-03-19T21:56:38.673Z", "groups": [], "user_permissions": []}}, {"model": "auth.user", "pk": 35, "fields": {"password": "pbkdf2_sha256$390000$AsCKd9e6w6BnYFYI7IQgD6$QC5IT2p9Oi61/q5K/c+hU2xHKPTU9+/R7AakjFwXXCY=", "last_login": "2023-03-22T16:20:32.439Z", "is_superuser": false, "username": "foo", "first_name": "", "last_name": "", "email": "", "is_staff": false, "is_active": true, "date_joined": "2023-03-21T14:22:57.915Z", "groups": [], "user_permissions": []}}, {"model": "auth.user", "pk": 36, "fields": {"password": "pbkdf2_sha256$390000$wMhEJthiC0FlCQp9MXVGAA$3MpA/RswfkXBrTIwZTcN57+vaOHfuMDzANQMvdVappo=", "last_login": "2023-03-21T14:41:52.580Z", "is_superuser": false, "username": "cat", "first_name": "", "last_name": "", "email": "", "is_staff": false, "is_active": true, "date_joined": "2023-03-21T14:39:26.730Z", "groups": [], "user_permissions": []}}, {"model": "auth.user", "pk": 37, "fields": {"password": "pbkdf2_sha256$390000$pBgpRG8XxvlNTWDtQIy5Tu$Q1G0TNYmnlfC5BEOidpvJLxrI/7/4T9iBnNiIZhvstk=", "last_login": "2023-03-21T14:59:10.625Z", "is_superuser": false, "username": "randomuser", "first_name": "", "last_name": "", "email": "wffwefw@ef.gd", "is_staff": false, "is_active": true, "date_joined": "2023-03-21T14:56:52.163Z", "groups": [], "user_permissions": []}}, {"model": "auth.user", "pk": 38, "fields": {"password": "gXQ2WW1s#4", "last_login": null, "is_superuser": false, "username": "nicholas12", "first_name": "", "last_name": "", "email": "dmiller@example.net", "is_staff": false, "is_active": true, "date_joined": "2023-03-22T20:00:18.082Z", "groups": [], "user_permissions": []}}, {"model": "auth.user", "pk": 39, "fields": {"password": ")fc!9Qzlmk", "last_login": null, "is_superuser": false, "username": "xevans", "first_name": "", "last_name": "", "email": "ryan51@example.com", "is_staff": false, "is_active": true, "date_joined": "2023-03-22T20:00:18.094Z", "groups": [], "user_permissions": []}}, {"model": "auth.user", "pk": 40, "fields": {"password": "pbkdf2_sha256$390000$LCi4fCLofqb0yVK83FNMWm$/qKbo40vW0cBRDbYqbinXQtAPUq7WaM4rAYt/p5MsV4=", "last_login": null, "is_superuser": false, "username": "yalvarado", "first_name": "", "last_name": "", "email": "bensonerica@example.net", "is_staff": false, "is_active": true, "date_joined": "2023-03-22T20:03:34.370Z", "groups": [], "user_permissions": []}}, {"model": "auth.user", "pk": 41, "fields": {"password": "pbkdf2_sha256$390000$8gWQRViWwtXqP7KURZeFgB$coMjGbyhocad7o9fDJfxY+HbxdKiwkJZISBeB0kl5D0=", "last_login": null, "is_superuser": false, "username": "taylor76", "first_name": "", "last_name": "", "email": "danasmith@example.com", "is_staff": false, "is_active": true, "date_joined": "2023-03-22T20:03:34.803Z", "groups": [], "user_permissions": []}}, {"model": "auth.user", "pk": 42, "fields": {"password": "pbkdf2_sha256$390000$ZbAq8WzfEoqQUqjmZSo3ub$uyLy6vA1VIO4V7ltH04EdPUfN7rH/fp+xb+nK2YWvJc=", "last_login": "2023-03-22T20:33:01.807Z", "is_superuser": false, "username": "wdaw", "first_name": "", "last_name": "", "email": "", "is_staff": false, "is_active": true, "date_joined": "2023-03-22T20:32:45.902Z", "groups": [], "user_permissions": []}}, {"model": "contenttypes.contenttype", "pk": 1, "fields": {"app_label": "admin", "model": "logentry"}}, {"model": "contenttypes.contenttype", "pk": 2, "fields": {"app_label": "auth", "model": "permission"}}, {"model": "contenttypes.contenttype", "pk": 3, "fields": {"app_label": "auth", "model": "group"}}, {"model": "contenttypes.contenttype", "pk": 4, "fields": {"app_label": "auth", "model": "user"}}, {"model": "contenttypes.contenttype", "pk": 5, "fields": {"app_label": "contenttypes", "model": "contenttype"}}, {"model": "contenttypes.contenttype", "pk": 6, "fields": {"app_label": "sessions", "model": "session"}}, {"model": "contenttypes.contenttype", "pk": 7, "fields": {"app_label": "drf", "model": "author"}}, {"model": "contenttypes.contenttype", "pk": 8, "fields": {"app_label": "drf", "model": "post"}}, {"model": "contenttypes.contenttype", "pk": 9, "fields": {"app_label": "drf", "model": "comment"}}, {"model": "contenttypes.contenttype", "pk": 10, "fields": {"app_label": "authtoken", "model": "token"}}, {"model": "contenttypes.contenttype", "pk": 11, "fields": {"app_label": "authtoken", "model": "tokenproxy"}}, {"model": "sessions.session", "pk": "0dazuraoi66ade9lue2wr330s3ectgwo", "fields": {"session_data": ".eJxVjEEOwiAQRe_C2pAOMFJcuvcMZJgBqZo2Ke3KeHfbpAvd_vfef6tI61Lj2vIcB1EXZZ06_Y6J-JnHnciDxvukeRqXeUh6V_RBm75Nkl_Xw_07qNTqVp-NADo0pSvMEjIRABYrThKyeNiIC4RWvGc2YPsOC0nPBJgyBKM-XxsyOIY:1peGzm:x-6E5SC-xStXbF20Km-13uTzOZzhLLUc0hAx6vsCVhg", "expire_date": "2023-04-03T15:00:22.015Z"}}, {"model": "sessions.session", "pk": "56y3hmyk4xkjcbtzirulg4uyvolx2mkr", "fields": {"session_data": ".eJxVjMsOwiAQRf-FtSEUGB4u3fsNhJmhUjU0Ke3K-O_apAvd3nPOfYmUt7WmrZclTSzOwmpx-h0x06O0nfA9t9ssaW7rMqHcFXnQLq8zl-flcP8Oau71WxMyROMcj8EZUBaU0toQoSdjVQhxoIABMI8qaDTaZ3ADF_DKMpoYxfsD7no3Rw:1pf58n:5xeUkh8_5_WHueqy1D0xY9cbfaGt6QM6Zh-h9sg-BqM", "expire_date": "2023-04-05T20:33:01.872Z"}}, {"model": "sessions.session", "pk": "bx1y7tj4ljpyhztycmll5uajtzpafhxm", "fields": {"session_data": ".eJxVjEEOwiAQRe_C2pAOMFJcuvcMZJgBqZo2Ke3KeHfbpAvd_vfef6tI61Lj2vIcB1EXZZ06_Y6J-JnHnciDxvukeRqXeUh6V_RBm75Nkl_Xw_07qNTqVp-NADo0pSvMEjIRABYrThKyeNiIC4RWvGc2YPsOC0nPBJgyBKM-XxsyOIY:1peGnp:e7ZR2K_o2N8k5AGpD0ZQ5RcWTzJq51M7PZV5NdONKws", "expire_date": "2023-04-03T14:48:01.805Z"}}, {"model": "sessions.session", "pk": "fi9ij3njv7qqc5l33ej06vjqmze8oj7s", "fields": {"session_data": ".eJxVjMsOwiAQRf-FtSHA8HTp3m8gAwxSNTQp7cr479qkC93ec859sYjb2uI2aIlTYWcGhp1-x4T5QX0n5Y79NvM893WZEt8VftDBr3Oh5-Vw_w4ajvatSRVRgEhrnTxKL0HX6qUSBh0lqAjoqzRCgtLaSgrOOhVcyKoWZ5Ng7w8CWjd1:1pf1CS:_zAmmBZg3K_JcaoQVENnAMfqNcd6rutoOWB2-BiAg5k", "expire_date": "2023-04-05T16:20:32.488Z"}}, {"model": "sessions.session", "pk": "lma7atlosd72lt8hx4sq9q19dv2qu56z", "fields": {"session_data": ".eJxVjEsOwiAUAO_C2hD-UpfuewbyHjykaiAp7cp4dyXpQrczk3mxAPtWwt5pDUtiF6Y1O_1ChPigOky6Q701Hlvd1gX5SPhhO59bouf1aP8GBXoZX680ktUme5OMMyRUQnAxCwVoiUgpe55IZsxO5G886YxJovLGOusle38ADhk4Bw:1peGln:6tutCv7tFuJJaow6zlsMeStsilktqbeL9qUclxIOp04", "expire_date": "2023-04-03T14:45:55.635Z"}}, {"model": "drf.post", "pk": 104, "fields": {"title": "Ready politics onto yeah whole consumer financial skill.", "content": "Necessary mother subject few act food. Operation do total popular.\nEnter range garden season poor. Reveal not hope executive positive movie very something.", "author": 30}}, {"model": "drf.post", "pk": 105, "fields": {"title": "Gas these truth officer.", "content": "Old police morning particular product could half. College book wait stay seven mind field.\nWhite happy me skin least. Them affect surface that collection right.", "author": 31}}, {"model": "drf.post", "pk": 106, "fields": {"title": "However condition book common.", "content": "Tough join line responsibility though return. People wear during over. Join top stand.", "author": 32}}, {"model": "drf.post", "pk": 107, "fields": {"title": "yfegnfhmj", "content": "ампирто", "author": 34}}, {"model": "drf.post", "pk": 108, "fields": {"title": "yfegnfhmj", "content": "ампирто", "author": 34}}, {"model": "drf.post", "pk": 109, "fields": {"title": "esf", "content": "sefseffes", "author": 34}}, {"model": "drf.post", "pk": 110, "fields": {"title": "efefeffsef", "content": "sfsfefs", "author": 36}}, {"model": "drf.post", "pk": 111, "fields": {"title": "efefeffsef", "content": "sfsfefs", "author": 36}}, {"model": "drf.post", "pk": 112, "fields": {"title": "hnbgfbg", "content": "bfgbgfbbg", "author": 35}}, {"model": "drf.post", "pk": 113, "fields": {"title": "Meeting difference whatever audience season well.", "content": "Best smile wish evidence ok hundred challenge against. Discussion office my skill. Nice different space itself bar.", "author": 38}}, {"model": "drf.post", "pk": 114, "fields": {"title": "Place rich rest every claim such natural.", "content": "Onto go store responsibility speak north play. Chair science experience word case.", "author": 38}}, {"model": "drf.post", "pk": 115, "fields": {"title": "Husband note draw about third new cultural really.", "content": "Individual out matter forget partner detail fund. Show difficult wife boy that loss.", "author": 39}}, {"model": "drf.post", "pk": 116, "fields": {"title": "Kind economy impact large.", "content": "Tend PM outside mind agreement carry someone avoid. Now relate then hope president.", "author": 39}}, {"model": "drf.post", "pk": 117, "fields": {"title": "Sure fire minute officer nearly foreign along middle.", "content": "Become across short nice mind. Most sister world whether clear. Garden long trip interest husband such.", "author": 40}}, {"model": "drf.post", "pk": 118, "fields": {"title": "Catch drop best sound them there radio.", "content": "Indicate than total consider TV question religious race. Director figure into rate. Hit prepare security case summer. Across hand who college rest home three.", "author": 40}}, {"model": "drf.post", "pk": 119, "fields": {"title": "Factor campaign score around.", "content": "Individual toward available class natural better usually. Image once fine image relate drive.", "author": 41}}, {"model": "drf.post", "pk": 120, "fields": {"title": "Financial information happen between yet.", "content": "Media practice chair nearly. Red watch in return control lot some should. Should eat friend letter.", "author": 41}}, {"model": "drf.comment", "pk": 304, "fields": {"text": "Strong high stage. The cause once prove.\nCity simply control stay himself right.\nUntil your ahead. Into realize those expect pay.\nCareer concern position rest. Data treatment difficult.", "post": 104, "author": 30}}, {"model": "drf.comment", "pk": 305, "fields": {"text": "Close soldier care. Significant every through often. Today card technology son.\nFor commercial eat old. Growth difference TV watch born. Hospital speech then data range.", "post": 105, "author": 31}}, {"model": "drf.comment", "pk": 306, "fields": {"text": "However camera make adult behind field. Only star reveal huge hold radio.\nGuy cover difficult herself should me church. Benefit wish stuff whom religious second benefit. Late employee the describe.", "post": 106, "author": 32}}, {"model": "drf.comment", "pk": 307, "fields": {"text": "dawdwa", "post": 104, "author": 35}}, {"model": "drf.comment", "pk": 308, "fields": {"text": "War memory question job young chair change. Open national energy upon allow plan. World down all them threat.", "post": 113, "author": 38}}, {"model": "drf.comment", "pk": 309, "fields": {"text": "Quickly tough when hundred floor get he. Might might compare resource each.", "post": 113, "author": 38}}, {"model": "drf.comment", "pk": 310, "fields": {"text": "Sea him report it together. Ten their enjoy response lawyer sport. Direction book court phone nearly wide open.", "post": 114, "author": 38}}, {"model": "drf.comment", "pk": 311, "fields": {"text": "Cold decide never southern. Process glass morning under perform.", "post": 114, "author": 38}}, {"model": "drf.comment", "pk": 312, "fields": {"text": "Catch like anyone large. Than teacher staff receive alone line floor range.", "post": 115, "author": 39}}, {"model": "drf.comment", "pk": 313, "fields": {"text": "Resource control specific across serious account. Garden writer it suddenly him catch.", "post": 115, "author": 39}}, {"model": "drf.comment", "pk": 314, "fields": {"text": "Suffer inside society certainly. Image give find trip short explain who.", "post": 116, "author": 39}}, {"model": "drf.comment", "pk": 315, "fields": {"text": "Design finish parent product friend. Yourself state recent life finish natural.", "post": 116, "author": 39}}, {"model": "drf.comment", "pk": 316, "fields": {"text": "Center center TV if. Practice study while system last. To some visit movement seem this.", "post": 117, "author": 40}}, {"model": "drf.comment", "pk": 317, "fields": {"text": "Cultural local can speech not must. Me discussion just in record positive.", "post": 117, "author": 40}}, {"model": "drf.comment", "pk": 318, "fields": {"text": "Voice himself wait drug total. Improve sense such huge religious trip. Itself case country build anything professor hour themselves. Hand culture degree certain discussion charge.", "post": 118, "author": 40}}, {"model": "drf.comment", "pk": 319, "fields": {"text": "Culture sometimes environment magazine. Office grow couple born car. International us watch generation marriage candidate provide.", "post": 118, "author": 40}}, {"model": "drf.comment", "pk": 320, "fields": {"text": "Military edge evening growth project whether break. Cut debate actually everybody purpose. American where enjoy deep.", "post": 119, "author": 41}}, {"model": "drf.comment", "pk": 321, "fields": {"text": "Pick I though professor laugh age. Explain modern matter. Statement north soon herself build performance Republican environmental.", "post": 119, "author": 41}}, {"model": "drf.comment", "pk": 322, "fields": {"text": "Raise evening measure affect series his. Hold country father suggest most per there. Development front spring fast.", "post": 120, "author": 41}}, {"model": "drf.comment", "pk": 323, "fields": {"text": "Main culture most character region hour act. Like show hair. Our wish but. Continue someone such environment local put.", "post": 120, "author": 41}}, {"model": "authtoken.token", "pk": "3e39846867ee2c4824446d27087d210e60fe470d", "fields": {"user": 34, "created": "2023-03-21T13:53:35.153Z"}}, {"model": "authtoken.token", "pk": "41ab1986c6be02ab8600fb1b491b8c933d292be6", "fields": {"user": 37, "created": "2023-03-21T14:59:10.617Z"}}, {"model": "authtoken.token", "pk": "8eadf270e1999db996589367d8a03c370c105523", "fields": {"user": 36, "created": "2023-03-21T14:41:52.571Z"}}]